{"schemaVersion":"1.0","appDefinitionTemplate":{"id":"/providers/Microsoft.PowerApps/apps/","type":"Microsoft.PowerApps/apps","tags":{"primaryDeviceWidth":"640","primaryDeviceHeight":"1136","sienaVersion":"20200907T143951Z-3.20083.24.0","deviceCapabilities":"","supportsPortrait":"true","supportsLandscape":"false","primaryFormFactor":"Phone","publisherVersion":"3.20083.24","minimumRequiredApiVersion":"2.2.0","hasComponent":"false","hasUnlockedComponent":"false","isUnifiedRootApp":"false"},"properties":{"appVersion":"2020-09-07T15:59:29Z","lifeCycleId":"Published","createdByClientVersion":{"major":3,"minor":20083,"build":24,"revision":0,"majorRevision":0,"minorRevision":0},"minClientVersion":{"major":3,"minor":20083,"build":24,"revision":0,"majorRevision":0,"minorRevision":0},"backgroundColor":"rgba(0, 176, 240, 1)","backgroundImageUri":"/16498211024441256503/N811a8c25-877b-440b-8ab1-787432f6986f-Nfd0899a9-a5f1-47ca-8581-3940ed8a30e8-logoSmallFile","displayName":"WVDVMControl","description":"","commitMessage":"","appUris":{"documentUri":{"value":"/16498211024441256503/N87ec6a40-8e4f-45b1-ab10-b1ba1c6a0238-N9a52e29a-6e44-452f-b816-2963ac9d9bf1-document.msapp","readonlyValue":"/16498211024441256503/N87ec6a40-8e4f-45b1-ab10-b1ba1c6a0238-N9a52e29a-6e44-452f-b816-2963ac9d9bf1-document.msapp"},"imageUris":[]},"createdTime":"0001-01-01T00:00:00Z","lastModifiedTime":"0001-01-01T00:00:00Z","sharedGroupsCount":0,"sharedUsersCount":0,"icons":{"smallIconUri":"/16498211024441256503/N7f8452d8-40e6-4ca0-a733-966060e28c9b-N1f739365-9d0f-4e32-a5c5-7d367dc2dd43-small.png","mediumIconUri":"/16498211024441256503/N0f82ceb6-a5d4-4520-9488-3f9711789e4d-N1b0a3c05-7a0d-4713-abff-44326a3d8829-medium.png","largeIconUri":"/16498211024441256503/N36ea419b-aac0-415c-afd7-747214843f65-N7f2e3f22-3d4a-4c03-b9f1-73c3e22bb292-large.png","wideIconUri":"/16498211024441256503/Nba8031a4-3545-4f47-a184-57d909d67db9-Nf06c0c39-8d92-4fd9-ad13-940bf07fd243-wide.png"},"connectionReferences":{"1ccb88b1-813b-4d62-ad3e-75bb33fd16ff":{"id":"0f493ffe-e3b5-4ebf-9ada-73face79c4f3","displayName":"Excel","iconUri":"https://connectoricons-prod.azureedge.net/excel/icon_1.0.1352.2014.png","dataSources":["Categories","Products","Reviews","Assets","Filterby"],"dependencies":["e6c2b827-abdf-411b-b7ff-e734dd25d437"],"dependents":[],"parameterHints":{"e6c2b827-abdf-411b-b7ff-e734dd25d437":{"value":"fileSource"}},"isOnPremiseConnection":false,"bypassConsent":false,"dataSets":{"b!z2MBxNIq4UGVQGG_c6iJQT4BYTfyJ0JIrgeU6OTUufRJ_sLJ89zjT4sQLQ_6omJe.01EGDHUNWCUESJJDQ6Q5BJHNNNIEPDNLRS":{"dataSources":{"Categories":{"tableName":"Categories"},"Products":{"tableName":"Products"},"Reviews":{"tableName":"Reviews"},"Assets":{"tableName":"Assets"},"Filterby":{"tableName":"Filterby"}}}},"apiTier":"Standard","isCustomApiConnection":false},"e6c2b827-abdf-411b-b7ff-e734dd25d437":{"id":"ad55f862-dd96-41c3-ac35-f1a6d168df6e","displayName":"OneDrive for Business","iconUri":"https://connectoricons-prod.azureedge.net/onedriveforbusiness/icon_1.0.1341.1987.png","dataSources":[],"dependencies":[],"dependents":["1ccb88b1-813b-4d62-ad3e-75bb33fd16ff"],"parameterHints":{},"isOnPremiseConnection":false,"bypassConsent":false,"dataSets":{},"apiTier":"Standard","isCustomApiConnection":false},"3a025167-a7a1-4a74-856d-f941475a4877":{"id":"775d2b19-0f59-4d0e-a809-059251a3679a","displayName":"Logic flows","iconUri":"https://resourcestackdeploy.blob.core.windows.net/scripts/13276078.png","dataSources":["WVDPowerOn"],"dependencies":[],"dependents":[],"parameterHints":{"workflowName":{"value":"d5b832ab-352e-4b3b-bfc9-680f1b5e8075"}},"isOnPremiseConnection":false,"bypassConsent":false,"dataSets":{},"apiTier":"Standard","isCustomApiConnection":false},"af9f681b-38cb-416f-b315-428256eb998d":{"id":"775d2b19-0f59-4d0e-a809-059251a3679a","displayName":"Logic flows","iconUri":"https://resourcestackdeploy.blob.core.windows.net/scripts/13276078.png","dataSources":["WVDPowerOff"],"dependencies":[],"dependents":[],"parameterHints":{"workflowName":{"value":"23760d7e-b733-4cc8-b640-27af3ac19bba"}},"isOnPremiseConnection":false,"bypassConsent":false,"dataSets":{},"apiTier":"Standard","isCustomApiConnection":false}},"databaseReferences":{},"almMode":"Environment","performanceOptimizationEnabled":true,"canConsumeAppPass":true},"isAppComponentLibrary":false,"appType":"ClassicCanvasApp","appComponents":[]}}