{"name":"fc35a797-007c-4211-9ff6-67384e05b46f","id":"/providers/Microsoft.Flow/flows/fc35a797-007c-4211-9ff6-67384e05b46f","type":"Microsoft.Flow/flows","properties":{"apiId":"/providers/Microsoft.PowerApps/apis/shared_logicflows","displayName":"WVDPowerOn","definition":{"metadata":{"workflowEntityId":null,"flowclientsuspensionreason":"None","flowclientsuspensiontime":null,"creator":{"id":"bf5a242b-a9c7-47e9-9e41-238191f24b47","type":"User","tenantId":"978e47c2-1d79-4d7e-8411-c7c84fa57c59"},"provisioningMethod":"FromDefinition","failureAlertSubscription":true,"clientLastModifiedTime":"2020-09-08T06:39:59.6471425Z"},"$schema":"https://schema.management.azure.com/providers/Microsoft.Logic/schemas/2016-06-01/workflowdefinition.json#","contentVersion":"1.0.0.0","parameters":{"$authentication":{"defaultValue":{},"type":"SecureObject"}},"triggers":{"manual":{"type":"Request","kind":"PowerApp","inputs":{"schema":{"type":"object","properties":{},"required":[]}}}},"actions":{"HTTP":{"runAfter":{},"type":"Http","inputs":{"method":"POST","uri":"https://management.azure.com/subscriptions/{subscriptionId}/resourceGroups/{resourceGroupName}/providers/Microsoft.Compute/virtualMachines/{vmName}/start?api-version=2019-12-01","authentication":{"type":"ActiveDirectoryOAuth","tenant":"978e47c2-0000-0000-0000-c7c84fa57c59","audience":"https://management.azure.com","clientId":"c007366a-0000-00000-000-eaad98333375","secret":"BK4.3ZWH87E4ookV.QS~Xrj-k9_cHD-X9H"}}}}},"connectionReferences":{},"flowFailureAlertSubscribed":false}}